0.22502,-1.2792,0,1.2246,-1.3089,0,-0.46194,-0.0033911,0,-1.0868,0.073412,-0.88982,-1.3486,0.14273,1.2321,0.52854,1.1522,0,-0.73579,0.077083,2.1312,-1.8517,1.1093,1.2058,-2.0928,-0.65359,1.2414,1.7655,0.92073,0,898.27,898.29,-0.018594,4.5274,2.9191
0.22502,-1.2792,0,1.2246,-1.3089,0,-0.46194,-0.0033911,0,-1.0868,0.073412,-0.88982,-1.3486,0.14273,1.2321,0.52854,1.1522,0,-0.73579,0.077083,2.1312,-1.8517,1.1093,1.2058,-2.0928,-0.65359,1.2414,1.7655,0.92073,0,898.27,898.29,-0.018594,4.5274,2.9191
0.22502,-1.2792,0,1.2246,-1.3089,0,-0.46194,-0.0033911,0,-1.0868,0.073412,-0.88982,-1.3486,0.14273,1.2321,0.52854,1.1522,0,-0.73579,0.077083,2.1312,-1.8517,1.1093,1.2058,-2.0928,-0.65359,1.2414,1.7655,0.92073,0,898.27,898.29,-0.018594,4.5274,2.9191
0.22502,-1.2792,0,1.2246,-1.3089,0,-0.46194,-0.0033911,0,-1.0868,0.073412,-0.88982,-1.3486,0.14273,1.2321,0.52854,1.1522,0,-0.73579,0.077083,2.1312,-1.8517,1.1093,1.2058,-2.0928,-0.65359,1.2414,1.7655,0.92073,0,898.27,898.29,-0.018594,4.5274,2.9191
0.22502,-1.2792,0,1.2246,-1.3089,0,-0.46194,-0.0033911,0,-1.0868,0.073412,-0.88982,-1.3486,0.14273,1.2321,0.52854,1.1522,0,-0.73579,0.077083,2.1312,-1.8517,1.1093,1.2058,-2.0928,-0.65359,1.2414,1.7655,0.92073,0,898.27,898.29,-0.018594,4.5274,2.9191
0.22502,-1.2792,0,1.2246,-1.3089,0,-0.46194,-0.0033911,0,-1.0868,0.073412,-0.88982,-1.3486,0.14273,1.2321,0.52854,1.1522,0,-0.73579,0.077083,2.1312,-1.8517,1.1093,1.2058,-2.0928,-0.65359,1.2414,1.7655,0.92073,0,898.27,898.29,-0.018594,4.5274,2.9191
0.22502,-1.2792,0,1.2246,-1.3089,0,-0.46194,-0.0033911,0,-1.0868,0.073412,-0.88982,-1.3486,0.14273,1.2321,0.52854,1.1522,0,-0.73579,0.077083,2.1312,-1.8517,1.1093,1.2058,-2.0928,-0.65359,1.2414,1.7655,0.92073,0,898.27,898.29,-0.018594,4.5274,2.9191
0.22502,-1.2792,0,1.2246,-1.3089,0,-0.46194,-0.0033911,0,-1.0868,0.073412,-0.88982,-1.3486,0.14273,1.2321,0.52854,1.1522,0,-0.73579,0.077083,2.1312,-1.8517,1.1093,1.2058,-2.0928,-0.65359,1.2414,1.7655,0.92073,0,898.27,898.29,-0.018594,4.5274,2.9191
0.22502,-1.2792,0,1.2246,-1.3089,0,-0.46194,-0.0033911,0,-1.0868,0.073412,-0.88982,-1.3486,0.14273,1.2321,0.52854,1.1522,0,-0.73579,0.077083,2.1312,-1.8517,1.1093,1.2058,-2.0928,-0.65359,1.2414,1.7655,0.92073,0,898.27,898.29,-0.018594,4.5274,2.9191
0.22502,-1.2792,0,1.2246,-1.3089,0,-0.46194,-0.0033911,0,-1.0868,0.073412,-0.88982,-1.3486,0.14273,1.2321,0.52854,1.1522,0,-0.73579,0.077083,2.1312,-1.8517,1.1093,1.2058,-2.0928,-0.65359,1.2414,1.7655,0.92073,0,898.27,898.29,-0.018594,4.5274,2.9191
0.22502,-1.2792,0,1.2246,-1.3089,0,-0.46194,-0.0033911,0,-1.0868,0.073412,-0.88982,-1.3486,0.14273,1.2321,0.52854,1.1522,0,-0.73579,0.077083,2.1312,-1.8517,1.1093,1.2058,-2.0928,-0.65359,1.2414,1.7655,0.92073,0,898.27,898.29,-0.018594,4.5274,2.9191
0.22502,-1.2792,0,1.2246,-1.3089,0,-0.46194,-0.0033911,0,-1.0868,0.073412,-0.88982,-1.3486,0.14273,1.2321,0.52854,1.1522,0,-0.73579,0.077083,2.1312,-1.8517,1.1093,1.2058,-2.0928,-0.65359,1.2414,1.7655,0.92073,0,898.27,898.29,-0.018594,4.5274,2.9191
0.22502,-1.2792,0,1.2246,-1.3089,0,-0.46194,-0.0033911,0,-1.0868,0.073412,-0.88982,-1.3486,0.14273,1.2321,0.52854,1.1522,0,-0.73579,0.077083,2.1312,-1.8517,1.1093,1.2058,-2.0928,-0.65359,1.2414,1.7655,0.92073,0,898.27,898.29,-0.018594,4.5274,2.9191
0.22502,-1.2792,0,1.2246,-1.3089,0,-0.46194,-0.0033911,0,-1.0868,0.073412,-0.88982,-1.3486,0.14273,1.2321,0.52854,1.1522,0,-0.73579,0.077083,2.1312,-1.8517,1.1093,1.2058,-2.0928,-0.65359,1.2414,1.7655,0.92073,0,898.27,898.29,-0.018594,4.5274,2.9191
0.22502,-1.2792,0,1.2246,-1.3089,0,-0.46194,-0.0033911,0,-1.0868,0.073412,-0.88982,-1.3486,0.14273,1.2321,0.52854,1.1522,0,-0.73579,0.077083,2.1312,-1.8517,1.1093,1.2058,-2.0928,-0.65359,1.2414,1.7655,0.92073,0,898.27,898.29,-0.018594,4.5274,2.9191
0.22502,-1.2792,0,1.2246,-1.3089,0,-0.46194,-0.0033911,0,-1.0868,0.073412,-0.88982,-1.3486,0.14273,1.2321,0.52854,1.1522,0,-0.73579,0.077083,2.1312,-1.8517,1.1093,1.2058,-2.0928,-0.65359,1.2414,1.7655,0.92073,0,898.27,898.29,-0.018594,4.5274,2.9191
0.033389,-0.77762,0.6596,1.0596,-0.81064,1.6253,-1.0305,-0.059869,0.67552,-2.5434,-1.637,-0.011833,-1.3287,0.62939,0.77353,0.27565,0.58259,-0.92416,-0.11252,1.0365,1.6135,-0.94987,2.1279,0.083313,-1.3674,0.92006,2.1049,1.3996,-0.084439,0.072934,1.561e+05,1.561e+05,-0.041774,10.105,2.6
0.033389,-0.77762,0.6596,1.0596,-0.81064,1.6253,-1.0305,-0.059869,0.67552,-2.5434,-1.637,-0.011833,-1.3287,0.62939,0.77353,0.27565,0.58259,-0.92416,-0.11252,1.0365,1.6135,-0.94987,2.1279,0.083313,-1.3674,0.92006,2.1049,1.3996,-0.084439,0.072934,1.561e+05,1.561e+05,-0.041774,10.105,2.6
-0.1993,-1.0078,0.82601,0.83664,-1.4927,1.4261,-1.1368,0.048123,0.86862,-1.194,-1.315,0.20838,-1.0476,1.2237,0.97827,0.5302,1.0708,-0.8411,0.1336,1.4563,1.4435,-1.0763,2.3742,0.27194,-1.2609,0.57404,2.1188,2.0215,0.10086,-0.54136,1.938e+05,1.938e+05,-0.038337,15.04,2.2982
-0.1993,-1.0078,0.82601,0.83664,-1.4927,1.4261,-1.1368,0.048123,0.86862,-1.194,-1.315,0.20838,-1.0476,1.2237,0.97827,0.5302,1.0708,-0.8411,0.1336,1.4563,1.4435,-1.0763,2.3742,0.27194,-1.2609,0.57404,2.1188,2.0215,0.10086,-0.54136,1.938e+05,1.938e+05,-0.038337,15.04,2.2982
-0.17168,-1.4179,0.71422,0.53767,-1.1879,1.3739,-0.90629,0.27187,0.60557,-1.5629,-1.3437,-0.15646,-0.84836,0.46723,0.79373,0.62425,1.1799,-0.84377,-0.0054417,1.3183,1.2066,-1.2748,2.5529,0.4103,-1.5209,0.30748,1.9748,2.1906,0.12949,-0.29986,1.3275e+05,1.3275e+05,-0.018206,10.335,2.0779
-0.17168,-1.4179,0.71422,0.53767,-1.1879,1.3739,-0.90629,0.27187,0.60557,-1.5629,-1.3437,-0.15646,-0.84836,0.46723,0.79373,0.62425,1.1799,-0.84377,-0.0054417,1.3183,1.2066,-1.2748,2.5529,0.4103,-1.5209,0.30748,1.9748,2.1906,0.12949,-0.29986,1.3275e+05,1.3275e+05,-0.018206,10.335,2.0779
-0.29052,-1.1749,0.74688,0.68701,-1.1024,1.4819,-0.71909,0.11228,0.54805,-1.4415,-1.2423,0.030126,-0.86702,0.7422,0.84158,0.52716,0.87883,-0.91349,0.22535,1.1881,1.1521,-1.0662,1.9761,0.46033,-1.8553,0.67337,2.0262,1.9707,0.097553,-0.65572,1.3954e+05,1.3954e+05,-0.025688,9.7579,1.7527
-0.29052,-1.1749,0.74688,0.68701,-1.1024,1.4819,-0.71909,0.11228,0.54805,-1.4415,-1.2423,0.030126,-0.86702,0.7422,0.84158,0.52716,0.87883,-0.91349,0.22535,1.1881,1.1521,-1.0662,1.9761,0.46033,-1.8553,0.67337,2.0262,1.9707,0.097553,-0.65572,1.3954e+05,1.3954e+05,-0.025688,9.7579,1.7527
0.067601,-1.3354,0.99096,0.79437,-1.1714,1.2911,-0.74596,0.06858,0.47462,-1.3059,-1.2972,-0.326,-1.0285,0.8323,0.73542,0.65342,0.727,-0.80212,0.28851,1.3531,1.7785,-1.1875,1.9897,0.60336,-1.9366,0.55626,1.9155,1.8942,-0.17138,-0.60215,1.1185e+05,1.1185e+05,-0.023776,11.325,1.5542
0.067601,-1.3354,0.99096,0.79437,-1.1714,1.2911,-0.74596,0.06858,0.47462,-1.3059,-1.2972,-0.326,-1.0285,0.8323,0.73542,0.65342,0.727,-0.80212,0.28851,1.3531,1.7785,-1.1875,1.9897,0.60336,-1.9366,0.55626,1.9155,1.8942,-0.17138,-0.60215,1.1185e+05,1.1185e+05,-0.023776,11.325,1.5542
0.13586,-1.6315,0.73914,0.78781,-0.84216,1.1484,-0.92,0.15539,0.54745,-1.5269,-1.2549,-0.54767,-1.0598,0.63158,0.93355,0.55701,0.26947,-0.94643,0.17893,1.2424,1.5048,-1.2151,1.9651,0.80473,-1.9624,0.59351,1.85,1.7173,0.017144,-0.65905,1.3265e+05,1.3265e+05,-0.015499,9.3411,1.4319
-0.055569,-1.5983,0.63496,0.64955,-1.3032,1.0422,-0.82489,-0.021334,0.31682,-1.4131,-1.2838,-0.58798,-1.3898,0.81949,0.88262,0.32143,0.71157,-0.96784,0.26246,1.1773,1.5968,-1.4659,1.2918,0.47439,-1.8075,0.73603,2.0119,1.6726,0.069134,-0.63196,1.044e+05,1.044e+05,-0.015637,11.974,1.3881
0.12329,-1.4105,0.81106,0.86096,-1.0708,1.115,-0.66792,0.15501,0.39194,-1.5731,-1.1869,-0.61314,-1.3682,0.74462,0.87098,0.4379,0.6464,-0.97845,-0.11213,1.1626,1.5246,-1.4484,1.9258,1.0266,-1.7015,0.52064,1.9646,1.7469,0.13021,-0.63338,88062,88062,-0.015244,12.162,1.2214
0.12329,-1.4105,0.81106,0.86096,-1.0708,1.115,-0.66792,0.15501,0.39194,-1.5731,-1.1869,-0.61314,-1.3682,0.74462,0.87098,0.4379,0.6464,-0.97845,-0.11213,1.1626,1.5246,-1.4484,1.9258,1.0266,-1.7015,0.52064,1.9646,1.7469,0.13021,-0.63338,88062,88062,-0.015244,12.162,1.2214
-0.061641,-1.3792,0.73584,0.77942,-1.1476,1.3673,-0.65337,0.10994,0.29459,-1.4053,-1.0405,-0.48024,-1.2636,0.82787,0.90848,0.51542,0.497,-1.0699,0.064352,1.1531,2.1129,-1.5027,1.9028,0.63632,-1.8601,0.44136,1.9378,1.9259,0.22499,-0.58713,64723,64723,-0.026521,12.676,1.0567
-0.061641,-1.3792,0.73584,0.77942,-1.1476,1.3673,-0.65337,0.10994,0.29459,-1.4053,-1.0405,-0.48024,-1.2636,0.82787,0.90848,0.51542,0.497,-1.0699,0.064352,1.1531,2.1129,-1.5027,1.9028,0.63632,-1.8601,0.44136,1.9378,1.9259,0.22499,-0.58713,64723,64723,-0.026521,12.676,1.0567
-0.035423,-1.3865,0.51558,0.72804,-1.2197,1.3411,-0.6231,0.13862,0.30606,-1.4174,-0.99111,-0.47725,-1.2553,0.71817,0.9321,0.51994,0.70216,-1.0389,0.097392,1.0902,1.6226,-1.4573,1.7778,0.55035,-1.8086,0.41131,2.0184,1.8813,0.20781,-0.57209,90965,90965,-0.025871,9.3275,0.98845
0.4456,-1.3576,0.61569,0.65654,-1.1727,1.2963,-0.59743,0.15009,0.24092,-1.4055,-0.61391,-0.52059,-1.1839,0.7436,0.8649,0.48615,0.68906,-0.95626,0.015249,1.0633,1.636,-1.4751,1.8773,0.56452,-1.7394,0.43591,2.0293,1.8745,0.14149,-0.55785,54856,54856,-0.026722,8.9824,0.9613
-0.069953,-1.4615,0.59397,0.82554,-1.0968,1.2399,-0.64916,0.016495,0.20662,-1.4639,-0.94539,-0.51472,-1.1965,0.75179,0.84535,0.41865,0.65839,-0.93488,-0.029147,1.1085,1.6846,-1.4628,1.8639,0.58013,-1.738,0.32443,2.0232,1.8703,0.18591,-0.59372,59894,59894,-0.024855,8.8657,0.84214
0.028301,-1.3832,0.65631,0.79856,-1.0066,1.0462,-0.67391,0.095241,0.22486,-1.4413,-0.89762,-0.53957,-1.1091,0.71209,0.86092,0.48741,0.50896,-0.95078,-0.082915,1.1507,1.6737,-1.4851,1.8415,0.62181,-1.6982,0.29941,2.0106,1.8709,0.17774,-0.7015,47805,47805,-0.021139,5.8147,0.8331
-0.046007,-1.3748,0.60329,0.75348,-1.0316,1.2573,-0.67617,0.077693,0.20698,-1.5275,-0.67032,-0.47793,-1.1058,0.77086,0.88351,0.59098,0.61364,-0.88785,0.13678,1.1354,1.7206,-1.4648,1.7748,0.62445,-1.7227,0.26528,2.0084,1.6179,0.23564,-0.56964,38456,38456,-0.024169,10.961,0.73442
-0.046007,-1.3748,0.60329,0.75348,-1.0316,1.2573,-0.67617,0.077693,0.20698,-1.5275,-0.67032,-0.47793,-1.1058,0.77086,0.88351,0.59098,0.61364,-0.88785,0.13678,1.1354,1.7206,-1.4648,1.7748,0.62445,-1.7227,0.26528,2.0084,1.6179,0.23564,-0.56964,38456,38456,-0.024169,10.961,0.73442
0.058199,-1.3743,0.73396,0.78048,-1.0299,1.1978,-0.65838,0.057875,0.13137,-1.5226,-0.60229,-0.55664,-1.0556,0.61544,0.85523,0.63022,0.52721,-0.95582,-0.076655,1.0879,1.6327,-1.4999,1.7729,0.61551,-1.7311,0.27452,2.0411,1.7781,0.27004,-0.54354,24206,24206,-0.019361,6.8883,0.66942
0.062711,-1.4016,0.64279,0.78251,-1.0252,1.1392,-0.66891,-0.0076003,0.11434,-1.5032,-0.8033,-0.48631,-1.0696,0.68081,0.89874,0.62446,0.60305,-0.90723,-0.077123,1.0742,1.63,-1.4369,1.7428,0.60685,-1.7896,0.3299,1.9586,1.6946,0.30926,-0.6582,26277,26277,-0.020126,8.6908,0.6427
0.030961,-1.4184,0.6969,0.81035,-1.2436,1.1976,-0.67016,0.011899,0.11656,-1.5056,-0.7317,-0.502,-1.0206,0.66118,0.97087,0.62407,0.60652,-0.90823,-0.13962,1.1174,1.6635,-1.4469,1.738,0.62105,-1.7814,0.34562,2.0107,1.6966,0.38961,-0.51693,20987,20987,-0.021435,6.7252,0.57871
0.048146,-1.4214,0.61635,0.81072,-1.0551,1.192,-0.61438,-0.074613,0.10543,-1.6421,-0.71895,-0.46057,-1.0523,0.64133,0.93893,0.61975,0.36505,-0.83443,-0.11909,1.1243,1.7111,-1.4437,1.7292,0.71006,-1.8384,0.33458,1.9597,1.6,0.33922,-0.56479,22861,22861,-0.026148,9.3142,0.55332
0.032291,-1.414,0.65887,0.80027,-1.0534,1.2075,-0.61886,-0.0017463,0.0634,-1.5169,-0.68606,-0.4807,-1.0234,0.75239,1.0142,0.63539,0.58254,-0.92433,-0.14917,1.1042,1.6365,-1.488,1.723,0.64369,-1.7459,0.31166,2.0284,1.639,0.40377,-0.61652,17933,17933,-0.020149,10.915,0.54137
0.02696,-1.4018,0.6974,0.80926,-1.2514,1.1729,-0.62133,-0.021553,0.095875,-1.5097,-0.66577,-0.4839,-1.0136,0.65788,1.0158,0.62822,0.56388,-0.8274,-0.13088,1.119,1.697,-1.4713,1.7307,0.64101,-1.7851,0.32117,1.9918,1.6421,0.47307,-0.55514,15064,15064,-0.02236,13.021,0.50947
0.017069,-1.4153,0.66711,0.79234,-1.077,1.1614,-0.60693,-0.034095,0.090879,-1.4967,-0.65279,-0.47081,-1.0397,0.69142,1.0708,0.56834,0.57935,-0.84579,-0.11802,1.1202,1.656,-1.4715,1.648,0.62361,-1.7863,0.31387,2.0078,1.6152,0.36592,-0.55677,17538,17538,-0.018645,8.8478,0.46095
0.01725,-1.3976,0.69495,0.80552,-1.082,1.1997,-0.54002,-0.13502,0.077409,-1.5481,-0.61491,-0.48576,-1.0732,0.70362,1.0332,0.62989,0.57299,-0.81372,-0.13335,1.1048,1.6531,-1.4683,1.7117,0.63913,-1.7961,0.31494,1.9415,1.6264,0.3634,-0.5234,9980.9,9980.9,-0.018892,10.311,0.42594
-0.00012556,-1.4204,0.67665,0.80395,-1.1267,1.1493,-0.57544,-0.12519,0.088503,-1.5117,-0.62118,-0.47957,-1.0535,0.69997,1.0462,0.57857,0.57809,-0.81428,-0.15381,1.1086,1.6581,-1.4623,1.708,0.66839,-1.7965,0.3146,1.9639,1.6909,0.35441,-0.54058,9715.9,9715.9,-0.019119,11.266,0.39084
0.0096801,-1.4126,0.66362,0.80511,-1.128,1.1992,-0.5804,-0.063929,0.076992,-1.5035,-0.60373,-0.48095,-1.0422,0.71417,1.1791,0.54326,0.55189,-0.84796,-0.16199,1.045,1.6551,-1.4709,1.6808,0.62718,-1.7955,0.32202,1.9429,1.6326,0.3687,-0.56925,13243,13243,-0.019015,5.7822,0.34868
0.013792,-1.4002,0.68952,0.79333,-1.1357,1.1761,-0.56153,-0.11755,0.091064,-1.5009,-0.56905,-0.51469,-1.0293,0.72453,1.0845,0.57423,0.54639,-0.84103,-0.15585,1.0967,1.659,-1.4735,1.6923,0.63128,-1.7943,0.29933,1.8598,1.6659,0.36175,-0.5722,5461.6,5461.7,-0.019242,8.9554,0.30184
0.0058992,-1.4062,0.68324,0.8071,-1.1623,1.1999,-0.58449,-0.11664,0.089857,-1.4897,-0.57907,-0.49285,-1.0449,0.70546,1.1106,0.6157,0.52838,-0.82733,-0.16619,1.0981,1.6754,-1.4714,1.6875,0.65935,-1.7962,0.30457,1.8035,1.6609,0.3648,-0.55043,5120.2,5120.2,-0.019807,11.086,0.29051
0.0087548,-1.4121,0.68095,0.79454,-1.1528,1.2007,-0.59548,-0.17288,0.091179,-1.4905,-0.5765,-0.49359,-1.0404,0.69747,1.1391,0.55828,0.51881,-0.85228,-0.16343,1.1118,1.6786,-1.465,1.6751,0.65743,-1.794,0.27184,1.8667,1.6909,0.34148,-0.56085,3543.7,3543.8,-0.019552,12.769,0.24949
0.043012,-1.4093,0.68701,0.7948,-1.1621,1.1714,-0.59362,-0.099365,0.079951,-1.4849,-0.55007,-0.51139,-1.0347,0.70962,1.141,0.48961,0.52653,-0.85349,-0.16584,1.0946,1.6901,-1.4667,1.6663,0.67099,-1.7974,0.26008,1.772,1.6816,0.35286,-0.55862,4681.5,4681.5,-0.019726,6.9473,0.22707
0.0030242,-1.4023,0.68728,0.79747,-1.1692,1.208,-0.59614,-0.14675,0.074496,-1.4695,-0.54184,-0.51684,-1.0336,0.73586,1.1779,0.51624,0.52091,-0.86389,-0.15137,1.0855,1.6987,-1.47,1.6484,0.67105,-1.7987,0.25052,1.8004,1.6836,0.34403,-0.56549,3548.3,3548.3,-0.019578,6.1503,0.18552
0.018874,-1.4037,0.68657,0.78399,-1.1684,1.1838,-0.61366,-0.16814,0.054123,-1.4648,-0.5351,-0.51487,-1.0393,0.75896,1.1538,0.49357,0.52194,-0.87054,-0.16752,1.0825,1.7065,-1.4622,1.6486,0.71996,-1.8238,0.25155,1.8091,1.6813,0.35927,-0.59319,2010.9,2011,-0.019928,5.9946,0.17051
0.00040291,-1.4008,0.68484,0.78567,-1.1766,1.1806,-0.59731,-0.20077,0.071026,-1.4701,-0.5035,-0.52336,-1.0373,0.73172,1.1734,0.50245,0.50906,-0.87038,-0.19193,1.0841,1.7064,-1.4616,1.6352,0.68203,-1.8009,0.26781,1.8045,1.681,0.3677,-0.57651,2235.2,2235.2,-0.019064,8.7538,0.1439
-1.6467e-07,-1.4112,0.68169,0.78974,-1.1794,1.2181,-0.58442,-0.2146,0.073353,-1.4638,-0.52762,-0.53251,-1.0371,0.7203,1.1717,0.46696,0.50852,-0.86765,-0.15235,1.0431,1.7113,-1.4769,1.633,0.68118,-1.7903,0.24686,1.7579,1.7001,0.35418,-0.57103,2797.2,2797.2,-0.020173,13.699,0.12208
0.0032765,-1.4046,0.67711,0.78654,-1.1826,1.1973,-0.59171,-0.212,0.039153,-1.4657,-0.51466,-0.54763,-1.0374,0.74421,1.1466,0.47499,0.4985,-0.85395,-0.16955,1.0524,1.7274,-1.4672,1.6379,0.68328,-1.8029,0.26247,1.7953,1.691,0.34259,-0.57727,2021.1,2021.1,-0.020962,7.7525,0.10111
-0.0051539,-1.4075,0.6699,0.78433,-1.1809,1.1966,-0.58206,-0.20884,0.049517,-1.4623,-0.50111,-0.54919,-1.0477,0.7394,1.1403,0.45281,0.49433,-0.86326,-0.17431,1.0528,1.7108,-1.4384,1.6412,0.6927,-1.7983,0.26036,1.7785,1.6855,0.36199,-0.56663,2318.4,2318.4,-0.020638,7.7058,0.097524
-0.018545,-1.4072,0.67347,0.78329,-1.1884,1.1994,-0.58543,-0.2257,0.041894,-1.4555,-0.51375,-0.55801,-1.044,0.74592,1.1437,0.4671,0.48123,-0.8569,-0.17699,1.0407,1.7196,-1.4692,1.6379,0.68967,-1.7946,0.2588,1.7831,1.6838,0.3473,-0.57905,2056.5,2056.5,-0.021005,4.0072,0.07767
-0.0050291,-1.4134,0.66585,0.78314,-1.1809,1.2049,-0.59096,-0.23293,0.03766,-1.4582,-0.51497,-0.54912,-1.0385,0.74206,1.1735,0.4745,0.48514,-0.8464,-0.17938,1.0437,1.7312,-1.4601,1.631,0.6881,-1.7883,0.28996,1.78,1.693,0.34261,-0.57757,2260.7,2260.7,-0.020901,10.087,0.073573
-0.01303,-1.4118,0.67041,0.78553,-1.171,1.2097,-0.5896,-0.23503,0.034216,-1.4584,-0.50885,-0.54706,-1.0293,0.74701,1.1467,0.45869,0.47682,-0.85032,-0.1843,1.0389,1.7348,-1.4651,1.6307,0.69016,-1.7847,0.25924,1.7808,1.6811,0.34638,-0.57845,2264.9,2264.9,-0.021533,1.8728,0.0589
-0.014801,-1.4146,0.66839,0.78671,-1.1775,1.2063,-0.595,-0.24265,0.03949,-1.4421,-0.5147,-0.55069,-1.0306,0.74408,1.1461,0.45386,0.47415,-0.85598,-0.18739,1.0358,1.7512,-1.471,1.6287,0.69489,-1.7877,0.26586,1.7737,1.682,0.34058,-0.57797,2145.4,2145.4,-0.021627,2.6499,0.05506
-0.010825,-1.4139,0.65992,0.78292,-1.1776,1.2246,-0.59538,-0.23383,0.031332,-1.4509,-0.51163,-0.55324,-1.0249,0.74672,1.1514,0.45428,0.46487,-0.84266,-0.18459,1.0332,1.7519,-1.4581,1.6249,0.69836,-1.7852,0.26516,1.7747,1.6796,0.34315,-0.5803,1895.7,1895.8,-0.022566,4.0422,0.0499
-0.0089926,-1.415,0.66627,0.77789,-1.1795,1.2105,-0.59735,-0.23496,0.041432,-1.4512,-0.51493,-0.54797,-1.0278,0.74458,1.1451,0.45039,0.46841,-0.84213,-0.18918,1.0271,1.7518,-1.4583,1.6236,0.6995,-1.7854,0.27267,1.7762,1.6795,0.3466,-0.57933,1733.7,1733.7,-0.022136,3.0672,0.044094
-0.012333,-1.4167,0.66146,0.77996,-1.1771,1.2173,-0.5956,-0.24339,0.038656,-1.4493,-0.51122,-0.54549,-1.0289,0.74303,1.148,0.44264,0.46297,-0.84236,-0.1925,1.0251,1.7483,-1.4604,1.6275,0.70259,-1.7859,0.2797,1.7748,1.6764,0.34955,-0.57934,1859.5,1859.5,-0.022414,3.4049,0.040958
-0.012333,-1.4167,0.66146,0.77996,-1.1771,1.2173,-0.5956,-0.24339,0.038656,-1.4493,-0.51122,-0.54549,-1.0289,0.74303,1.148,0.44264,0.46297,-0.84236,-0.1925,1.0251,1.7483,-1.4604,1.6275,0.70259,-1.7859,0.2797,1.7748,1.6764,0.34955,-0.57934,1859.5,1859.5,-0.022414,3.4049,0.040958
-0.013074,-1.4163,0.65927,0.78029,-1.1768,1.2136,-0.59998,-0.23893,0.037914,-1.4489,-0.51163,-0.54764,-1.0428,0.75155,1.1465,0.44809,0.4644,-0.84703,-0.18661,1.0267,1.7445,-1.4577,1.6223,0.70092,-1.7845,0.27372,1.7734,1.6776,0.34648,-0.57795,1677.3,1677.3,-0.02211,1.8871,0.037317
-0.012153,-1.4232,0.66099,0.77912,-1.1797,1.2231,-0.59821,-0.23893,0.04145,-1.444,-0.50639,-0.53306,-1.0314,0.74477,1.1516,0.45733,0.46424,-0.84282,-0.18807,1.0256,1.7428,-1.4633,1.625,0.70433,-1.7802,0.27103,1.7673,1.6731,0.34826,-0.5791,1732.3,1732.3,-0.022206,3.0993,0.036397
-0.013053,-1.4237,0.66035,0.78203,-1.1799,1.2128,-0.59837,-0.23522,0.039112,-1.4466,-0.50625,-0.54487,-1.0313,0.74828,1.1514,0.44422,0.46138,-0.84566,-0.18814,1.0276,1.7478,-1.4587,1.6235,0.7066,-1.7827,0.27098,1.7748,1.676,0.34652,-0.57894,1830.7,1830.7,-0.022074,2.3555,0.032734
-0.013053,-1.4237,0.66035,0.78203,-1.1799,1.2128,-0.59837,-0.23522,0.039112,-1.4466,-0.50625,-0.54487,-1.0313,0.74828,1.1514,0.44422,0.46138,-0.84566,-0.18814,1.0276,1.7478,-1.4587,1.6235,0.7066,-1.7827,0.27098,1.7748,1.676,0.34652,-0.57894,1830.7,1830.7,-0.022074,2.3555,0.032734
-0.015532,-1.4224,0.65884,0.77376,-1.1762,1.2136,-0.60189,-0.22906,0.040951,-1.449,-0.50755,-0.54392,-1.035,0.74862,1.1485,0.45487,0.46279,-0.85197,-0.18837,1.022,1.7443,-1.4598,1.6221,0.70911,-1.7815,0.27033,1.7774,1.6755,0.34972,-0.57808,1716.1,1716.1,-0.021891,1.9059,0.029492
-0.012923,-1.4248,0.65982,0.77663,-1.1781,1.2124,-0.59538,-0.22887,0.040508,-1.443,-0.5123,-0.53854,-1.0365,0.74781,1.1462,0.4528,0.4554,-0.8518,-0.18905,1.0248,1.7412,-1.4595,1.6179,0.7114,-1.7814,0.27165,1.775,1.6765,0.34731,-0.57859,1714.8,1714.8,-0.021968,1.9296,0.027695
-0.013859,-1.4242,0.6606,0.77706,-1.1743,1.2126,-0.59711,-0.23044,0.041082,-1.4466,-0.50773,-0.54495,-1.0334,0.74697,1.148,0.45361,0.45946,-0.8492,-0.18718,1.0255,1.7447,-1.4577,1.6232,0.71065,-1.78,0.27332,1.7768,1.676,0.34816,-0.57899,1804.3,1804.3,-0.021845,1.6329,0.026194
-0.012754,-1.4238,0.66341,0.77418,-1.1772,1.2103,-0.59567,-0.23043,0.043238,-1.4446,-0.50615,-0.53933,-1.0336,0.74889,1.1472,0.45296,0.45745,-0.85016,-0.18866,1.0243,1.7406,-1.4616,1.6197,0.71153,-1.7787,0.27312,1.776,1.6754,0.34897,-0.57367,1784.3,1784.4,-0.02179,1.4887,0.024383
-0.014893,-1.4251,0.66067,0.77668,-1.1753,1.2105,-0.5973,-0.22907,0.042341,-1.4471,-0.50732,-0.54564,-1.0329,0.75017,1.149,0.45445,0.45579,-0.85008,-0.18845,1.0257,1.7422,-1.4595,1.6238,0.70923,-1.7796,0.27414,1.7752,1.6779,0.34765,-0.57681,1776.5,1776.5,-0.021796,1.7406,0.022036
-0.014634,-1.4264,0.66036,0.77813,-1.1745,1.2101,-0.59705,-0.22998,0.043928,-1.4468,-0.50594,-0.54253,-1.0335,0.75053,1.1493,0.45352,0.45488,-0.85144,-0.18883,1.0243,1.7398,-1.4587,1.6233,0.70861,-1.7784,0.27552,1.7729,1.6776,0.35001,-0.57784,1780.8,1780.8,-0.021732,1.6868,0.020197
-0.013484,-1.4266,0.66091,0.77784,-1.1743,1.2121,-0.59699,-0.23027,0.047289,-1.4464,-0.50652,-0.54213,-1.0343,0.74848,1.1503,0.45437,0.45319,-0.85056,-0.18933,1.025,1.74,-1.4587,1.6217,0.70874,-1.778,0.27798,1.773,1.6771,0.34831,-0.57708,1731.3,1731.3,-0.021733,1.7679,0.018029
-0.014273,-1.4286,0.66044,0.77769,-1.1745,1.211,-0.59651,-0.23003,0.043491,-1.4465,-0.506,-0.54533,-1.0342,0.74926,1.1513,0.45323,0.44936,-0.85182,-0.19,1.0247,1.7419,-1.4612,1.6241,0.7094,-1.7786,0.27718,1.7739,1.6783,0.34878,-0.57486,1818.6,1818.6,-0.021735,1.7206,0.016676
-0.014338,-1.4295,0.66112,0.77716,-1.1753,1.2125,-0.59686,-0.22966,0.04433,-1.4463,-0.50614,-0.54174,-1.0353,0.74969,1.1514,0.45398,0.45111,-0.85195,-0.18955,1.0247,1.7409,-1.4598,1.6239,0.70696,-1.7774,0.27885,1.7764,1.6772,0.34978,-0.57711,1802,1802,-0.021687,1.6269,0.014705
-0.014449,-1.4289,0.66106,0.7767,-1.177,1.2128,-0.59692,-0.23043,0.045816,-1.446,-0.50665,-0.5419,-1.0358,0.74858,1.1511,0.45303,0.44491,-0.85125,-0.18819,1.0239,1.74,-1.4598,1.624,0.70698,-1.7768,0.27951,1.7756,1.6777,0.34902,-0.57691,1715.9,1715.9,-0.021815,1.6196,0.013126
-0.016373,-1.4302,0.66067,0.77555,-1.1749,1.2122,-0.59835,-0.23007,0.045636,-1.4466,-0.50596,-0.5424,-1.0356,0.74872,1.1511,0.45319,0.44679,-0.85178,-0.1883,1.0247,1.7407,-1.4595,1.6239,0.70667,-1.7772,0.2797,1.7764,1.6785,0.34941,-0.57699,1778.1,1778.1,-0.021703,1.6847,0.012539
-0.015723,-1.4327,0.66103,0.77663,-1.1748,1.2139,-0.59745,-0.22865,0.046548,-1.4467,-0.50568,-0.54382,-1.036,0.7486,1.152,0.45381,0.44557,-0.85183,-0.1883,1.0246,1.7397,-1.4598,1.6244,0.70493,-1.7761,0.28084,1.7799,1.6768,0.35036,-0.57653,1808.3,1808.3,-0.021639,1.6358,0.011748
-0.015364,-1.432,0.66127,0.77668,-1.1756,1.2129,-0.59805,-0.23084,0.04681,-1.4475,-0.50585,-0.54283,-1.0371,0.74863,1.1516,0.45335,0.44548,-0.85144,-0.18816,1.025,1.7409,-1.4595,1.624,0.70562,-1.7764,0.27945,1.7751,1.6774,0.34922,-0.57655,1773.2,1773.2,-0.021665,1.4992,0.01079
-0.015344,-1.4311,0.6615,0.77652,-1.1752,1.2132,-0.59757,-0.23029,0.047086,-1.447,-0.50563,-0.54221,-1.0368,0.74892,1.1521,0.45348,0.44569,-0.85169,-0.1897,1.0255,1.7406,-1.4596,1.6235,0.70582,-1.776,0.27996,1.7763,1.6773,0.3496,-0.5747,1776.6,1776.6,-0.021668,1.539,0.010009
-0.015936,-1.4316,0.6614,0.77659,-1.1752,1.2137,-0.59816,-0.23,0.047013,-1.4475,-0.50564,-0.54262,-1.0376,0.74848,1.1517,0.45339,0.44546,-0.85174,-0.18832,1.0252,1.7408,-1.4598,1.6243,0.70512,-1.7752,0.28005,1.7759,1.6768,0.34886,-0.57614,1775.7,1775.8,-0.02167,1.5017,0.0092381
