-3.662,2.099,-1.951
-3.121,2.939,-1.983
-4.295,2.08,-2.725
-3.052,1.308,-2
-4.423,2.054,-0.695
-5.076,2.9,-0.642
-5.256,0.759,-0.645
-3.449,2.083,0.497
-4.603,-0.087,-0.697
-5.81,0.727,0.27
-5.933,0.739,-1.473
-2.344,2.677,0.391
-3.807,1.418,1.758
-4.801,1.431,1.872
-3.176,2.127,2.88
-2.113,2.112,2.758
-3.67,3.585,2.907
-3.549,1.434,4.204
-3.41,4.067,1.988
-5.199,3.606,3.084
-3.007,4.33,4.081
-4.65,0.835,4.314
-5.459,3.124,4.004
-5.543,4.619,3.103
-5.66,3.089,2.268
-1.944,4.315,3.958
-3.35,5.343,4.1
-3.266,3.848,5.001
-2.617,1.477,5.341
-2.808,2.286,5.897
-2.784,0.27,6.164
-3.788,0.223,6.53
-2.491,-0.98,5.312
-1.806,0.323,7.352
-3.17,-1.016,4.486
-1.045,-0.915,4.786
-2.667,-2.243,6.177
-0.705,0.922,7.232
-0.366,-0.879,5.612
-0.842,-1.783,4.194
-0.923,-0.038,4.185
-3.671,-2.287,6.542
-2.463,-3.111,5.585
-1.988,-2.207,7.003
-2.154,-0.321,8.627
-2.739,-1.113,8.453
-0.925,-0.758,9.305
-0.406,-1.461,8.687
-0.022,0.462,9.565
-1.285,-1.422,10.647
0.873,0.144,10.059
0.341,1.127,8.225
-0.716,1.4,10.391
-2.378,-2.032,10.776
-0.553,1.444,7.73
0.969,1.975,8.406
0.86,0.424,7.607
-0.152,2.161,10.554
-0.349,-1.34,11.778
0.588,-1.291,11.432
-0.493,-2.53,12.629
0.486,-2.43,13.814
-1.496,-2.586,12.998
-0.274,-3.408,12.057
1.575,-1.814,13.677
0.151,-3.049,15.104
-0.352,-2.394,15.668
1.388,-3.439,15.795
1.926,-4.143,15.195
2.26,-2.19,16.025
1.041,-4.08,17.152
2.501,-1.745,15.082
1.486,-1.176,16.888
3.558,-2.595,16.748
-0.037,-4.714,17.293
1.245,-1.62,17.831
2.092,-0.308,17.047
0.585,-0.894,16.386
4.095,-3.3,16.148
4.163,-1.728,16.908
3.316,-3.04,17.691
1.97,-3.947,18.284
2.907,-3.88,17.939
1.856,-5.122,19.16
0.854,-5.199,19.528
2.21,-6.394,18.366
2.828,-4.969,20.346
2.128,-7.248,19.006
1.238,-6.546,17.182
3.548,-6.292,17.874
3.116,-3.822,20.775
1.319,-5.692,16.542
1.483,-7.429,16.63
0.236,-6.622,17.55
3.768,-7.085,17.379
3.419,-6.157,20.979
2.787,-6.928,20.899
3.674,-5.876,22.399
4.344,-5.046,22.483
2.346,-5.537,23.101
4.307,-7.112,23.065
1.677,-6.368,23.017
2.531,-5.332,24.135
1.907,-4.678,22.639
4.033,-8.265,22.642
5.232,-6.942,24.195
4.985,-6.118,24.706
5.146,-8.111,25.082
4.146,-8.208,25.45
5.53,-9.379,24.298
6.114,-7.929,26.266
4.858,-9.507,23.475
6.969,-9.239,23.768
5.442,-10.603,25.228
6.382,-6.774,26.688
6.637,-8.935,26.812
7.641,-9.111,24.591
7.236,-10.121,23.224
7.03,-8.389,23.122
4.442,-10.7,25.596
5.709,-11.485,24.684
6.114,-10.475,26.051
