-0.68,2.523,5.381
-0.489,3.294,5.989
-1.312,1.892,5.831
-1.092,2.86,4.535
0.589,1.813,5.066
0.516,0.806,5.419
0.815,1.789,3.562
1.764,2.487,5.768
1.729,1.277,3.347
0.873,2.792,3.194
0.001,1.281,3.087
1.82,3.711,5.85
2.687,1.68,6.282
2.244,1.292,7.09
3.962,2.172,6.783
3.996,3.241,6.757
4.169,1.78,8.263
5.051,1.584,5.879
4.181,0.712,8.332
5.503,2.292,8.785
3.022,2.321,9.106
5.22,0.365,5.814
5.618,2.006,9.81
5.531,3.359,8.707
6.298,1.871,8.206
3.171,2.046,10.129
2.991,3.387,9.024
2.098,1.909,8.757
5.757,2.452,5.158
6.301,2.945,5.837
6.739,2.018,4.165
6.825,0.952,4.191
6.289,2.41,2.741
8.093,2.645,4.501
6.3,3.478,2.676
7.238,1.854,1.699
4.875,1.908,2.472
8.209,3.862,4.579
8.019,1.307,2.184
7.663,2.66,1.137
6.702,1.203,1.04
4.509,1.393,3.336
4.237,2.739,2.255
4.887,1.239,1.637
9.104,1.802,4.701
8.767,1.191,5.417
10.408,2.231,5.194
10.465,3.298,5.134
10.584,1.794,6.668
11.524,1.627,4.337
10.58,0.725,6.702
11.908,2.279,7.238
9.501,2.318,7.454
11.648,0.401,4.257
11.996,1.96,8.256
11.945,3.347,7.195
12.714,1.871,6.665
9.659,2.13,8.382
12.331,2.483,3.709
12.772,2.986,4.452
13.451,2.045,2.867
14.796,2.615,3.299
13.524,0.986,3.003
13.261,2.447,1.894
14.932,3.825,3.467
15.785,1.742,3.485
15.469,1.179,4.249
17.133,2.158,3.886
17.167,3.226,3.837
17.463,1.739,5.342
18.162,1.555,2.939
17.431,0.671,5.393
18.853,2.211,5.734
16.442,2.315,6.305
18.215,0.341,2.757
19.061,1.912,6.74
18.901,3.277,5.661
19.576,1.776,5.076
16.685,2.016,7.303
16.453,3.383,6.24
15.468,1.952,6.051
18.976,2.418,2.342
19.451,2.864,3.1
20.052,1.996,1.455
20.132,0.929,1.459
19.761,2.424,0.001
21.365,2.612,1.962
19.84,3.489,-0.061
20.773,1.805,-0.96
18.432,2.014,-0.368
21.473,3.832,2.097
21.467,1.205,-0.409
21.301,2.583,-1.472
20.26,1.193,-1.673
18.046,1.501,0.345
22.359,1.773,2.246
21.954,1.118,2.884
23.568,2.239,2.928
23.654,3.284,2.717
23.434,2.003,4.427
24.846,1.589,2.416
24.319,2.344,4.922
22.587,2.541,4.798
23.302,0.958,4.613
24.878,0.399,2.111
25.902,2.387,2.337
25.919,2.852,3.222
27.263,1.872,2.183
27.247,0.807,2.288
27.846,2.138,0.774
28.13,2.504,3.272
27.25,1.589,0.075
27.773,3.607,0.417
29.287,1.651,0.677
27.937,3.66,3.653
29.028,1.87,3.821
29.584,1.227,1.614
29.927,2.475,0.439
29.362,0.909,-0.09
27.329,4.149,1.226
28.76,3.98,0.237
27.179,3.731,-0.464
