-5.889,3.183,-1.865
-6.559,2.557,-2.999
-6.166,2.525,-0.601
-5.857,1.907,-3.521
-6.916,3.329,-3.681
-7.681,1.797,-2.357
-7.276,1.591,-0.918
-6.627,3.236,0.085
-4.866,2.011,0
-7.818,0.846,-2.872
-8.6,2.38,-2.423
-6.945,0.562,-0.777
-8.127,1.791,-0.267
-3.778,2.192,-0.606
-4.891,3.051,-1.937
-6.275,4.116,-1.831
-4.881,1.304,1.288
-5.692,0.789,1.567
-3.72,1.351,2.155
-2.86,0.932,1.634
-3.394,2.786,2.557
-3.955,0.553,3.429
-3.187,3.376,1.664
-4.243,3.217,3.088
-2.17,2.793,3.466
-5.052,-0.036,3.609
-2.377,2.204,4.359
-1.32,2.362,2.936
-1.811,4.21,3.891
-2.479,5.166,3.502
-0.751,4.343,4.692
-0.47,5.262,5.003
-0.236,3.525,4.983
-2.9,0.47,4.449
-2.136,1.115,4.432
-2.966,-0.546,5.48
-3.881,-0.418,6.058
-2.963,-1.927,4.833
-1.777,-0.448,6.424
-3.825,-2.022,4.173
-1.682,-2.106,4.024
-3.033,-2.997,5.918
-0.902,0.439,6.244
-0.819,-2.012,4.684
-1.679,-3.093,3.562
-1.631,-1.342,3.249
-2.171,-2.903,6.578
-3.948,-2.869,6.496
-3.029,-4.378,5.271
-2.114,-4.506,4.693
-3.08,-5.143,6.045
-3.892,-4.473,4.611
-1.649,-1.389,7.546
-2.192,-2.229,7.558
-0.736,-1.101,8.633
0.278,-1.016,8.244
-1.103,0.208,9.326
-0.765,-2.205,9.681
-0.401,0.399,10.137
-1.038,1.351,8.318
-2.428,0.112,9.854
-1.521,-3.199,9.526
-1.74,1.161,7.506
-1.301,2.287,8.813
-0.028,1.424,7.915
-2.659,0.936,10.29
0.09,-2.11,10.873
0.616,-1.277,11.045
0.17,-3.223,11.797
-0.821,-3.433,12.2
0.69,-4.477,11.103
1.109,-2.908,12.953
0.017,-4.748,10.29
1.685,-4.285,10.702
0.759,-5.622,12.108
1.692,-1.794,13.005
1.432,-5.352,12.922
-0.634,-5.891,12.669
1.278,-6.877,11.414
-1.307,-6.162,11.856
-0.585,-6.71,13.387
-1.006,-4.995,13.165
2.274,-6.685,11.013
1.328,-7.696,12.131
0.605,-7.148,10.6
1.301,-3.762,13.857
