-5.925,5.719,19.279
-7.36,5.32,19.053
-5.098,4.497,19.53
-8.045,5.9,19.709
-7.633,5.506,17.993
-7.407,3.825,19.386
-5.994,3.338,19.066
-4.886,4.53,20.587
-3.798,4.582,18.774
-7.621,3.696,20.472
-8.19,3.296,18.803
-5.752,2.392,19.594
-5.899,3.178,17.969
-3.682,5.369,17.84
-5.574,6.272,18.504
-5.869,6.32,20.093
-2.8,3.759,19.141
-2.866,3.154,19.935
-1.546,3.691,18.421
-1.582,4.323,17.546
-0.39,4.185,19.322
-1.308,2.266,17.938
-0.658,5.211,19.667
-0.312,3.544,20.226
0.976,4.242,18.609
-1.401,1.305,18.704
1.307,3.216,18.345
0.898,4.832,17.671
2.04,4.909,19.48
1.807,5.946,20.107
3.256,4.329,19.5
4.004,4.852,19.909
3.446,3.605,18.839
-1.013,2.082,16.641
-0.906,2.886,16.043
-0.83,0.779,16.017
-1.004,-0.005,16.741
-1.809,0.548,14.857
0.622,0.643,15.598
-1.851,1.471,14.232
-1.374,-0.624,13.945
-3.216,0.29,15.45
1.254,1.566,15.088
-0.386,-0.44,13.473
-1.33,-1.569,14.522
-2.096,-0.759,13.113
-3.156,-0.581,16.14
-3.516,1.171,16.061
-4.31,0.015,14.411
-5.308,-0.026,14.898
-4.333,0.818,13.644
-4.139,-0.954,13.896
1.223,-0.525,15.864
0.727,-1.292,16.262
2.622,-0.804,15.585
3.106,0.07,15.174
3.404,-1.223,16.823
2.725,-1.881,14.526
4.444,-1.498,16.544
3.47,-0.06,17.818
2.791,-2.312,17.495
1.773,-2.616,14.265
3.986,0.81,17.36
2.458,0.259,18.143
4.053,-0.352,18.719
2.593,-1.984,18.39
3.898,-1.934,13.852
4.599,-1.248,14.029
4.167,-2.78,12.701
3.244,-2.964,12.165
5.197,-2.087,11.783
4.751,-4.129,13.069
6.135,-1.909,12.356
5.45,-2.746,10.921
4.732,-0.739,11.208
4.914,-5.013,12.225
4.395,-0.076,12.041
5.929,-0.051,10.54
3.553,-0.895,10.235
6.431,-0.736,9.831
5.61,0.864,9.997
6.676,0.24,11.309
3.811,-1.592,9.411
2.653,-1.276,10.76
3.295,0.095,9.796
4.183,-4.975,13.758
